{"cameraMode":{"drawMode":0,"name":"Shaded","section":"Shading Mode"},"sceneLighting":true,"audioPlay":false,"sceneViewState":{"m_AlwaysRefresh":false,"showFog":true,"showSkybox":true,"showFlares":true,"showImageEffects":true,"showParticleSystems":true,"showVisualEffectGraphs":true,"m_FxEnabled":true},"in2DMode":false,"pivot":{"x":3.926952838897705,"y":1.4649343490600587,"z":0.9763515591621399},"rotation":{"x":0.08841782063245774,"y":-0.25119075179100039,"z":0.023048335686326028,"w":0.9636169075965881},"size":1.3426496982574463,"orthographic":false}